delivery_id,order_id,agent_id,agent_name,city,pickup_time,drop_time,delivery_minutes,distance_km,rating
DEL0001,FH0454,AGT003,Vikram Singh,Chennai,2024-10-04 17:26:00,2024-10-04 18:06:00,40,4.16,5.0
DEL0002,FH0334,AGT002,Mohan Patel,Chennai,2024-07-25 16:36:00,2024-07-25 16:56:00,20,4.87,3.0
DEL0003,FH0061,AGT001,Suresh Kumar,Pune,2024-10-30 22:07:00,2024-10-30 22:31:00,24,5.8,4.5
DEL0004,FH0150,AGT007,Pradeep Nair,Mumbai,2024-10-13 19:06:00,2024-10-13 19:19:00,13,3.32,4.5
DEL0005,FH0356,AGT003,Vikram Singh,Bangalore,2024-09-22 21:14:00,2024-09-22 21:32:00,18,4.38,4.5
DEL0006,FH0023,AGT007,Pradeep Nair,Pune,2024-04-17 16:38:00,2024-04-17 16:58:00,20,1.22,4.5
DEL0007,FH0162,AGT005,Dinesh Yadav,Chennai,2024-05-23 14:49:00,2024-05-23 15:29:00,40,1.79,5.0
DEL0008,FH0108,AGT006,Ramesh Gupta,Chennai,2024-07-31 08:00:00,2024-07-31 08:22:00,22,3.99,4.0
DEL0009,FH0340,AGT004,Ajay Verma,Pune,2024-02-15 21:57:00,2024-02-15 22:31:00,34,4.12,4.5
DEL0010,FH0472,AGT004,Ajay Verma,Pune,2024-07-13 13:03:00,2024-07-13 13:38:00,35,6.14,5.0
DEL0011,FH0081,AGT006,Ramesh Gupta,Hyderabad,2024-05-31 23:06:00,2024-05-31 23:16:00,10,4.45,4.0
DEL0012,FH0434,AGT007,Pradeep Nair,Chennai,2024-11-30 19:29:00,2024-11-30 19:40:00,11,3.57,4.5
DEL0013,FH0415,AGT001,Suresh Kumar,Pune,2024-05-22 19:57:00,2024-05-22 20:20:00,23,3.32,5.0
DEL0014,FH0471,AGT002,Mohan Patel,Pune,2024-11-25 16:25:00,2024-11-25 16:57:00,32,4.78,4.5
DEL0015,FH0175,AGT004,Ajay Verma,Chennai,2024-11-15 22:06:00,2024-11-15 22:30:00,24,5.97,5.0
DEL0016,FH0324,AGT005,Dinesh Yadav,Hyderabad,2024-08-24 17:58:00,2024-08-24 18:13:00,15,5.7,4.0
DEL0017,FH0484,AGT001,Suresh Kumar,Pune,2024-07-11 08:21:00,2024-07-11 08:40:00,19,1.77,4.5
DEL0018,FH0019,AGT003,Vikram Singh,Hyderabad,2024-11-03 20:12:00,2024-11-03 20:38:00,26,6.16,5.0
DEL0019,FH0410,AGT005,Dinesh Yadav,Mumbai,2024-11-23 21:34:00,2024-11-23 22:12:00,38,3.8,4.5
DEL0020,FH0264,AGT007,Pradeep Nair,Chennai,2024-01-28 12:03:00,2024-01-28 12:47:00,44,3.72,4.5
DEL0021,FH0318,AGT007,Pradeep Nair,Chennai,2024-10-08 07:52:00,2024-10-08 08:14:00,22,1.65,5.0
DEL0022,FH0158,AGT007,Pradeep Nair,Chennai,2024-02-24 18:51:00,2024-02-24 19:09:00,18,0.83,5.0
DEL0023,FH0067,AGT006,Ramesh Gupta,Pune,2024-08-11 10:59:00,2024-08-11 11:42:00,43,1.94,4.5
DEL0024,FH0396,AGT004,Ajay Verma,Bangalore,2024-07-13 19:00:00,2024-07-13 19:29:00,29,2.66,3.5
DEL0025,FH0460,AGT003,Vikram Singh,Pune,2024-05-22 15:21:00,2024-05-22 16:00:00,39,2.17,3.0
DEL0026,FH0464,AGT003,Vikram Singh,Chennai,2024-04-18 14:04:00,2024-04-18 14:30:00,26,5.86,4.0
DEL0027,FH0355,AGT007,Pradeep Nair,Chennai,2024-05-04 19:47:00,2024-05-04 20:23:00,36,4.11,4.5
DEL0028,FH0182,AGT002,Mohan Patel,Pune,2024-09-21 14:30:00,2024-09-21 14:42:00,12,1.34,4.0
DEL0029,FH0021,AGT001,Suresh Kumar,Mumbai,2024-10-26 21:17:00,2024-10-26 21:55:00,38,2.36,4.5
DEL0030,FH0119,AGT002,Mohan Patel,Chennai,2024-04-20 20:00:00,2024-04-20 20:41:00,41,2.9,3.5
DEL0031,FH0400,AGT005,Dinesh Yadav,Pune,2024-10-19 22:50:00,2024-10-19 23:19:00,29,2.95,3.5
DEL0032,FH0043,AGT006,Ramesh Gupta,Bangalore,2024-08-09 12:16:00,2024-08-09 12:47:00,31,3.43,5.0
DEL0033,FH0490,AGT007,Pradeep Nair,Chennai,2024-12-09 21:01:00,2024-12-09 21:14:00,13,2.14,5.0
DEL0034,FH0229,AGT006,Ramesh Gupta,Hyderabad,2024-07-29 07:12:00,2024-07-29 07:32:00,20,3.65,5.0
DEL0035,FH0308,AGT004,Ajay Verma,Chennai,2024-02-09 21:39:00,2024-02-09 22:18:00,39,0.59,3.0
DEL0036,FH0025,AGT003,Vikram Singh,Pune,2024-02-01 15:08:00,2024-02-01 15:37:00,29,5.65,4.0
DEL0037,FH0041,AGT006,Ramesh Gupta,Chennai,2024-11-26 23:00:00,2024-11-26 23:30:00,30,1.52,5.0
DEL0038,FH0432,AGT006,Ramesh Gupta,Mumbai,2024-11-07 14:07:00,2024-11-07 14:43:00,36,6.91,4.5
DEL0039,FH0495,AGT007,Pradeep Nair,Bangalore,2024-08-27 14:09:00,2024-08-27 14:32:00,23,3.55,5.0
DEL0040,FH0074,AGT004,Ajay Verma,Pune,2024-05-06 12:44:00,2024-05-06 13:28:00,44,1.4,4.0
DEL0041,FH0360,AGT006,Ramesh Gupta,Hyderabad,2024-06-08 16:37:00,2024-06-08 17:13:00,36,2.31,5.0
DEL0042,FH0457,AGT006,Ramesh Gupta,Mumbai,2024-05-22 14:55:00,2024-05-22 15:32:00,37,3.09,4.0
DEL0043,FH0380,AGT006,Ramesh Gupta,Chennai,2024-04-14 16:54:00,2024-04-14 17:20:00,26,1.57,3.5
DEL0044,FH0248,AGT002,Mohan Patel,Hyderabad,2024-10-04 17:13:00,2024-10-04 17:35:00,22,6.24,5.0
DEL0045,FH0133,AGT001,Suresh Kumar,Pune,2024-01-24 10:08:00,2024-01-24 10:51:00,43,3.45,5.0
DEL0046,FH0428,AGT001,Suresh Kumar,Pune,2024-04-12 12:41:00,2024-04-12 12:51:00,10,4.7,4.5
DEL0047,FH0386,AGT003,Vikram Singh,Bangalore,2024-11-04 10:43:00,2024-11-04 11:17:00,34,2.52,4.5
DEL0048,FH0245,AGT002,Mohan Patel,Pune,2024-11-15 12:54:00,2024-11-15 13:38:00,44,5.02,4.0
DEL0049,FH0149,AGT003,Vikram Singh,Hyderabad,2024-08-30 19:37:00,2024-08-30 20:05:00,28,1.12,5.0
DEL0050,FH0368,AGT006,Ramesh Gupta,Chennai,2024-01-05 18:47:00,2024-01-05 19:02:00,15,2.48,5.0
DEL0051,FH0174,AGT006,Ramesh Gupta,Hyderabad,2024-06-09 13:20:00,2024-06-09 13:54:00,34,1.65,4.5
DEL0052,FH0093,AGT007,Pradeep Nair,Pune,2024-01-25 15:08:00,2024-01-25 15:46:00,38,3.28,4.0
DEL0053,FH0216,AGT001,Suresh Kumar,Mumbai,2024-02-29 08:15:00,2024-02-29 08:30:00,15,1.12,4.0
DEL0054,FH0481,AGT004,Ajay Verma,Mumbai,2024-04-28 21:49:00,2024-04-28 22:11:00,22,5.97,5.0
DEL0055,FH0482,AGT007,Pradeep Nair,Pune,2024-03-11 13:06:00,2024-03-11 13:36:00,30,3.47,4.5
DEL0056,FH0249,AGT005,Dinesh Yadav,Pune,2024-07-30 09:05:00,2024-07-30 09:27:00,22,0.59,4.5
DEL0057,FH0345,AGT005,Dinesh Yadav,Hyderabad,2024-05-26 07:43:00,2024-05-26 07:52:00,9,4.49,5.0
DEL0058,FH0020,AGT002,Mohan Patel,Bangalore,2024-09-21 18:36:00,2024-09-21 18:56:00,20,2.59,4.0
DEL0059,FH0292,AGT006,Ramesh Gupta,Chennai,2024-08-03 10:01:00,2024-08-03 10:18:00,17,1.16,5.0
DEL0060,FH0469,AGT002,Mohan Patel,Chennai,2024-03-02 20:16:00,2024-03-02 20:31:00,15,6.9,4.5
DEL0061,FH0262,AGT005,Dinesh Yadav,Hyderabad,2024-07-25 08:33:00,2024-07-25 08:57:00,24,5.26,4.5
DEL0062,FH0470,AGT006,Ramesh Gupta,Chennai,2024-10-18 09:38:00,2024-10-18 09:50:00,12,4.71,5.0
DEL0063,FH0423,AGT001,Suresh Kumar,Pune,2024-08-07 14:30:00,2024-08-07 15:01:00,31,3.76,5.0
DEL0064,FH0286,AGT001,Suresh Kumar,Bangalore,2024-03-27 18:33:00,2024-03-27 19:18:00,45,2.77,4.0
DEL0065,FH0447,AGT003,Vikram Singh,Pune,2024-12-22 22:49:00,2024-12-22 23:34:00,45,2.14,4.0
DEL0066,FH0066,AGT001,Suresh Kumar,Hyderabad,2024-11-16 13:41:00,2024-11-16 14:14:00,33,5.36,3.0
DEL0067,FH0044,AGT003,Vikram Singh,Chennai,2024-05-09 17:46:00,2024-05-09 18:29:00,43,6.96,5.0
DEL0068,FH0028,AGT004,Ajay Verma,Hyderabad,2024-08-09 17:47:00,2024-08-09 18:12:00,25,1.14,4.5
DEL0069,FH0046,AGT003,Vikram Singh,Pune,2024-07-30 15:45:00,2024-07-30 16:14:00,29,3.55,5.0
DEL0070,FH0456,AGT005,Dinesh Yadav,Mumbai,2024-09-11 07:09:00,2024-09-11 07:17:00,8,4.4,3.5
DEL0071,FH0225,AGT004,Ajay Verma,Pune,2024-09-28 17:22:00,2024-09-28 18:06:00,44,5.78,4.0
DEL0072,FH0022,AGT007,Pradeep Nair,Chennai,2024-01-07 22:45:00,2024-01-07 23:15:00,30,1.44,5.0
DEL0073,FH0203,AGT007,Pradeep Nair,Pune,2024-12-22 19:15:00,2024-12-22 19:45:00,30,0.8,5.0
DEL0074,FH0151,AGT004,Ajay Verma,Pune,2024-11-16 10:02:00,2024-11-16 10:35:00,33,5.76,4.0
DEL0075,FH0042,AGT005,Dinesh Yadav,Hyderabad,2024-12-17 10:02:00,2024-12-17 10:23:00,21,2.15,3.5
DEL0076,FH0411,AGT005,Dinesh Yadav,Hyderabad,2024-10-07 07:13:00,2024-10-07 07:30:00,17,4.88,3.5
DEL0077,FH0100,AGT002,Mohan Patel,Chennai,2024-07-21 22:13:00,2024-07-21 22:58:00,45,1.67,5.0
DEL0078,FH0003,AGT003,Vikram Singh,Chennai,2024-12-28 14:19:00,2024-12-28 14:40:00,21,4.03,5.0
DEL0079,FH0394,AGT006,Ramesh Gupta,Mumbai,2024-11-09 09:45:00,2024-11-09 10:27:00,42,4.49,3.0
DEL0080,FH0305,AGT005,Dinesh Yadav,Pune,2024-03-24 18:53:00,2024-03-24 19:06:00,13,3.6,5.0
DEL0081,FH0227,AGT005,Dinesh Yadav,Pune,2024-08-01 15:49:00,2024-08-01 16:26:00,37,3.8,5.0
DEL0082,FH0288,AGT004,Ajay Verma,Mumbai,2024-12-08 16:08:00,2024-12-08 16:23:00,15,1.45,4.5
DEL0083,FH0219,AGT001,Suresh Kumar,Bangalore,2024-02-19 15:03:00,2024-02-19 15:45:00,42,6.51,4.0
DEL0084,FH0463,AGT004,Ajay Verma,Chennai,2024-06-24 22:05:00,2024-06-24 22:42:00,37,2.72,5.0
DEL0085,FH0083,AGT005,Dinesh Yadav,Pune,2024-11-08 07:42:00,2024-11-08 08:03:00,21,3.07,4.5
DEL0086,FH0413,AGT001,Suresh Kumar,Pune,2024-04-29 08:41:00,2024-04-29 09:22:00,41,4.76,4.5
DEL0087,FH0215,AGT001,Suresh Kumar,Pune,2024-10-10 20:25:00,2024-10-10 20:54:00,29,2.45,3.0
DEL0088,FH0084,AGT005,Dinesh Yadav,Pune,2024-05-09 18:29:00,2024-05-09 19:02:00,33,6.72,5.0
DEL0089,FH0056,AGT003,Vikram Singh,Pune,2024-09-19 21:39:00,2024-09-19 22:04:00,25,5.34,4.0
DEL0090,FH0086,AGT003,Vikram Singh,Hyderabad,2024-07-16 21:40:00,2024-07-16 21:53:00,13,2.42,3.0
DEL0091,FH0054,AGT004,Ajay Verma,Chennai,2024-01-05 18:17:00,2024-01-05 18:27:00,10,6.36,5.0
DEL0092,FH0323,AGT004,Ajay Verma,Pune,2024-07-13 15:16:00,2024-07-13 15:42:00,26,6.74,5.0
DEL0093,FH0290,AGT007,Pradeep Nair,Bangalore,2024-02-21 18:49:00,2024-02-21 19:22:00,33,6.55,4.5
DEL0094,FH0125,AGT006,Ramesh Gupta,Hyderabad,2024-08-22 16:48:00,2024-08-22 17:30:00,42,0.84,4.0
DEL0095,FH0333,AGT002,Mohan Patel,Pune,2024-06-30 16:50:00,2024-06-30 17:09:00,19,0.51,4.0
DEL0096,FH0164,AGT001,Suresh Kumar,Pune,2024-02-29 11:54:00,2024-02-29 12:30:00,36,4.31,4.0
DEL0097,FH0013,AGT004,Ajay Verma,Hyderabad,2024-11-08 22:17:00,2024-11-08 22:40:00,23,3.79,4.5
DEL0098,FH0275,AGT004,Ajay Verma,Mumbai,2024-05-13 19:09:00,2024-05-13 19:39:00,30,4.3,3.5
DEL0099,FH0465,AGT004,Ajay Verma,Chennai,2024-04-12 19:15:00,2024-04-12 19:38:00,23,5.79,4.5
DEL0100,FH0366,AGT005,Dinesh Yadav,Mumbai,2024-03-10 10:41:00,2024-03-10 11:03:00,22,1.06,3.0
DEL0101,FH0382,AGT004,Ajay Verma,Mumbai,2024-08-07 21:10:00,2024-08-07 21:25:00,15,5.32,5.0
DEL0102,FH0129,AGT005,Dinesh Yadav,Pune,2024-10-09 22:30:00,2024-10-09 22:51:00,21,3.15,4.5
DEL0103,FH0489,AGT006,Ramesh Gupta,Pune,2024-12-11 10:59:00,2024-12-11 11:22:00,23,4.67,5.0
DEL0104,FH0167,AGT003,Vikram Singh,Hyderabad,2024-07-19 18:33:00,2024-07-19 18:53:00,20,4.04,4.0
DEL0105,FH0033,AGT006,Ramesh Gupta,Chennai,2024-10-17 15:05:00,2024-10-17 15:17:00,12,2.79,4.5
DEL0106,FH0302,AGT001,Suresh Kumar,Chennai,2024-04-07 14:33:00,2024-04-07 15:09:00,36,1.32,3.0
DEL0107,FH0343,AGT007,Pradeep Nair,Pune,2024-11-22 08:39:00,2024-11-22 08:59:00,20,6.52,5.0
DEL0108,FH0187,AGT007,Pradeep Nair,Pune,2024-09-11 15:59:00,2024-09-11 16:22:00,23,3.05,5.0
DEL0109,FH0006,AGT007,Pradeep Nair,Pune,2024-04-20 14:03:00,2024-04-20 14:33:00,30,4.82,5.0
DEL0110,FH0461,AGT007,Pradeep Nair,Bangalore,2024-01-13 18:58:00,2024-01-13 19:28:00,30,3.05,5.0
DEL0111,FH0375,AGT007,Pradeep Nair,Pune,2024-07-07 20:19:00,2024-07-07 20:41:00,22,5.9,4.5
DEL0112,FH0018,AGT002,Mohan Patel,Mumbai,2024-09-09 10:56:00,2024-09-09 11:21:00,25,5.36,5.0
DEL0113,FH0412,AGT002,Mohan Patel,Pune,2024-02-09 14:48:00,2024-02-09 15:17:00,29,0.89,4.0
DEL0114,FH0312,AGT005,Dinesh Yadav,Pune,2024-10-21 16:13:00,2024-10-21 16:39:00,26,6.36,4.5
DEL0115,FH0095,AGT004,Ajay Verma,Chennai,2024-12-04 19:50:00,2024-12-04 20:08:00,18,2.92,4.5
DEL0116,FH0331,AGT001,Suresh Kumar,Mumbai,2024-06-17 22:02:00,2024-06-17 22:18:00,16,1.01,3.5
DEL0117,FH0404,AGT007,Pradeep Nair,Chennai,2024-05-04 15:05:00,2024-05-04 15:20:00,15,3.96,3.0
DEL0118,FH0011,AGT005,Dinesh Yadav,Hyderabad,2024-11-22 08:41:00,2024-11-22 08:54:00,13,1.35,4.5
DEL0119,FH0039,AGT003,Vikram Singh,Chennai,2024-05-08 15:48:00,2024-05-08 16:33:00,45,3.7,4.5
DEL0120,FH0181,AGT003,Vikram Singh,Chennai,2024-11-14 14:25:00,2024-11-14 14:51:00,26,5.75,5.0
DEL0121,FH0165,AGT001,Suresh Kumar,Bangalore,2024-11-22 21:24:00,2024-11-22 21:32:00,8,2.03,4.0
DEL0122,FH0370,AGT006,Ramesh Gupta,Chennai,2024-07-20 22:49:00,2024-07-20 23:05:00,16,1.48,4.5
DEL0123,FH0256,AGT001,Suresh Kumar,Pune,2024-12-24 14:12:00,2024-12-24 14:36:00,24,3.14,4.5
DEL0124,FH0088,AGT006,Ramesh Gupta,Pune,2024-10-19 20:20:00,2024-10-19 20:59:00,39,6.44,5.0
DEL0125,FH0417,AGT001,Suresh Kumar,Chennai,2024-03-07 22:55:00,2024-03-07 23:04:00,9,1.7,4.5
DEL0126,FH0407,AGT004,Ajay Verma,Bangalore,2024-11-20 07:14:00,2024-11-20 07:42:00,28,5.55,3.0
DEL0127,FH0367,AGT005,Dinesh Yadav,Pune,2024-09-03 18:41:00,2024-09-03 19:06:00,25,4.28,4.0
DEL0128,FH0014,AGT001,Suresh Kumar,Chennai,2024-01-30 14:21:00,2024-01-30 14:53:00,32,4.72,5.0
DEL0129,FH0357,AGT001,Suresh Kumar,Pune,2024-01-07 20:44:00,2024-01-07 21:12:00,28,5.15,4.5
DEL0130,FH0325,AGT002,Mohan Patel,Pune,2024-05-26 11:24:00,2024-05-26 11:42:00,18,1.8,3.5
DEL0131,FH0012,AGT003,Vikram Singh,Bangalore,2024-05-30 16:38:00,2024-05-30 17:22:00,44,5.32,4.5
DEL0132,FH0300,AGT003,Vikram Singh,Bangalore,2024-05-23 22:35:00,2024-05-23 22:51:00,16,4.77,5.0
DEL0133,FH0218,AGT003,Vikram Singh,Pune,2024-06-24 13:03:00,2024-06-24 13:29:00,26,2.46,4.5
DEL0134,FH0353,AGT007,Pradeep Nair,Chennai,2024-07-18 12:05:00,2024-07-18 12:31:00,26,3.65,4.5
DEL0135,FH0263,AGT003,Vikram Singh,Pune,2024-07-31 16:36:00,2024-07-31 17:07:00,31,1.02,3.5
DEL0136,FH0085,AGT007,Pradeep Nair,Bangalore,2024-03-27 22:33:00,2024-03-27 22:48:00,15,3.91,4.0
DEL0137,FH0359,AGT007,Pradeep Nair,Pune,2024-04-28 17:53:00,2024-04-28 18:33:00,40,6.83,4.0
DEL0138,FH0179,AGT004,Ajay Verma,Pune,2024-08-23 13:54:00,2024-08-23 14:21:00,27,2.45,5.0
DEL0139,FH0005,AGT001,Suresh Kumar,Mumbai,2024-10-26 10:37:00,2024-10-26 11:12:00,35,3.79,5.0
DEL0140,FH0124,AGT006,Ramesh Gupta,Mumbai,2024-05-21 13:57:00,2024-05-21 14:13:00,16,2.87,3.5
DEL0141,FH0240,AGT003,Vikram Singh,Mumbai,2024-09-21 09:27:00,2024-09-21 10:00:00,33,3.18,3.5
DEL0142,FH0101,AGT003,Vikram Singh,Chennai,2024-06-13 15:36:00,2024-06-13 16:14:00,38,5.67,5.0
DEL0143,FH0433,AGT001,Suresh Kumar,Chennai,2024-05-25 09:28:00,2024-05-25 09:46:00,18,0.6,3.0
DEL0144,FH0196,AGT005,Dinesh Yadav,Chennai,2024-09-02 20:32:00,2024-09-02 20:47:00,15,3.09,4.0
DEL0145,FH0138,AGT003,Vikram Singh,Pune,2024-08-27 14:28:00,2024-08-27 15:10:00,42,3.72,3.0
DEL0146,FH0062,AGT007,Pradeep Nair,Chennai,2024-06-12 13:23:00,2024-06-12 14:07:00,44,3.06,3.0
DEL0147,FH0354,AGT007,Pradeep Nair,Bangalore,2024-01-10 20:56:00,2024-01-10 21:22:00,26,2.85,3.0
DEL0148,FH0032,AGT003,Vikram Singh,Pune,2024-09-14 21:13:00,2024-09-14 21:23:00,10,6.25,4.5
DEL0149,FH0431,AGT005,Dinesh Yadav,Hyderabad,2024-02-24 18:46:00,2024-02-24 19:15:00,29,1.59,4.5
DEL0150,FH0346,AGT006,Ramesh Gupta,Chennai,2024-06-01 21:02:00,2024-06-01 21:40:00,38,3.99,3.5
DEL0151,FH0274,AGT004,Ajay Verma,Bangalore,2024-11-29 21:18:00,2024-11-29 21:44:00,26,5.18,5.0
DEL0152,FH0221,AGT003,Vikram Singh,Pune,2024-08-05 15:15:00,2024-08-05 15:37:00,22,6.57,4.5
DEL0153,FH0337,AGT003,Vikram Singh,Pune,2024-02-27 17:27:00,2024-02-27 17:40:00,13,1.47,4.5
DEL0154,FH0401,AGT004,Ajay Verma,Chennai,2024-06-02 13:45:00,2024-06-02 14:02:00,17,5.37,4.0
DEL0155,FH0183,AGT003,Vikram Singh,Chennai,2024-03-27 13:29:00,2024-03-27 13:56:00,27,2.08,4.5
DEL0156,FH0491,AGT005,Dinesh Yadav,Chennai,2024-04-19 19:49:00,2024-04-19 20:17:00,28,1.68,5.0
DEL0157,FH0364,AGT001,Suresh Kumar,Pune,2024-01-15 16:49:00,2024-01-15 17:10:00,21,3.69,4.0
DEL0158,FH0105,AGT001,Suresh Kumar,Pune,2024-05-10 09:28:00,2024-05-10 10:10:00,42,4.83,5.0
DEL0159,FH0477,AGT003,Vikram Singh,Hyderabad,2024-07-29 16:03:00,2024-07-29 16:47:00,44,2.37,5.0
DEL0160,FH0453,AGT007,Pradeep Nair,Mumbai,2024-02-22 08:50:00,2024-02-22 09:22:00,32,5.71,4.5
DEL0161,FH0304,AGT003,Vikram Singh,Mumbai,2024-01-14 13:19:00,2024-01-14 13:29:00,10,2.09,4.5
DEL0162,FH0448,AGT005,Dinesh Yadav,Chennai,2024-05-15 11:44:00,2024-05-15 12:21:00,37,4.47,3.5
DEL0163,FH0250,AGT003,Vikram Singh,Hyderabad,2024-02-13 22:26:00,2024-02-13 22:34:00,8,1.74,3.0
DEL0164,FH0050,AGT006,Ramesh Gupta,Pune,2024-06-22 21:40:00,2024-06-22 22:25:00,45,2.51,4.5
DEL0165,FH0142,AGT001,Suresh Kumar,Pune,2024-03-16 16:50:00,2024-03-16 17:27:00,37,5.71,4.5
DEL0166,FH0036,AGT007,Pradeep Nair,Pune,2024-11-11 11:24:00,2024-11-11 12:08:00,44,1.39,4.5
DEL0167,FH0320,AGT003,Vikram Singh,Hyderabad,2024-08-26 21:38:00,2024-08-26 22:01:00,23,1.78,4.5
DEL0168,FH0137,AGT001,Suresh Kumar,Bangalore,2024-02-18 13:11:00,2024-02-18 13:40:00,29,6.3,5.0
DEL0169,FH0114,AGT007,Pradeep Nair,Bangalore,2024-03-27 19:59:00,2024-03-27 20:26:00,27,6.66,5.0
DEL0170,FH0055,AGT007,Pradeep Nair,Pune,2024-12-13 15:23:00,2024-12-13 15:56:00,33,6.18,5.0
DEL0171,FH0153,AGT005,Dinesh Yadav,Chennai,2024-01-25 16:01:00,2024-01-25 16:39:00,38,4.87,4.5
DEL0172,FH0280,AGT001,Suresh Kumar,Hyderabad,2024-05-25 15:34:00,2024-05-25 16:14:00,40,1.78,4.5
DEL0173,FH0321,AGT001,Suresh Kumar,Chennai,2024-12-23 16:12:00,2024-12-23 16:25:00,13,2.71,5.0
DEL0174,FH0483,AGT007,Pradeep Nair,Mumbai,2024-07-25 09:03:00,2024-07-25 09:18:00,15,1.11,4.5
DEL0175,FH0373,AGT007,Pradeep Nair,Chennai,2024-01-07 20:56:00,2024-01-07 21:30:00,34,5.87,5.0
DEL0176,FH0112,AGT001,Suresh Kumar,Chennai,2024-09-28 20:55:00,2024-09-28 21:16:00,21,5.77,4.5
DEL0177,FH0205,AGT004,Ajay Verma,Bangalore,2024-09-26 11:36:00,2024-09-26 11:48:00,12,1.54,5.0
DEL0178,FH0332,AGT004,Ajay Verma,Pune,2024-12-15 13:45:00,2024-12-15 14:18:00,33,6.71,5.0
DEL0179,FH0065,AGT003,Vikram Singh,Chennai,2024-05-26 13:19:00,2024-05-26 13:58:00,39,0.56,4.5
DEL0180,FH0090,AGT001,Suresh Kumar,Mumbai,2024-04-22 11:24:00,2024-04-22 11:47:00,23,1.17,5.0
DEL0181,FH0143,AGT001,Suresh Kumar,Mumbai,2024-08-21 08:59:00,2024-08-21 09:29:00,30,3.71,5.0
DEL0182,FH0296,AGT003,Vikram Singh,Mumbai,2024-11-15 19:06:00,2024-11-15 19:35:00,29,5.98,4.5
DEL0183,FH0500,AGT006,Ramesh Gupta,Mumbai,2024-04-17 08:59:00,2024-04-17 09:28:00,29,5.09,3.5
DEL0184,FH0127,AGT006,Ramesh Gupta,Chennai,2024-10-24 21:49:00,2024-10-24 22:08:00,19,3.62,5.0
DEL0185,FH0379,AGT005,Dinesh Yadav,Bangalore,2024-10-09 17:02:00,2024-10-09 17:22:00,20,6.02,4.0
DEL0186,FH0226,AGT005,Dinesh Yadav,Bangalore,2024-11-23 20:17:00,2024-11-23 20:37:00,20,4.22,4.5
DEL0187,FH0163,AGT005,Dinesh Yadav,Hyderabad,2024-03-10 12:39:00,2024-03-10 13:11:00,32,0.58,5.0
DEL0188,FH0486,AGT005,Dinesh Yadav,Bangalore,2024-09-16 07:44:00,2024-09-16 08:11:00,27,6.35,5.0
DEL0189,FH0184,AGT001,Suresh Kumar,Pune,2024-06-19 14:07:00,2024-06-19 14:21:00,14,2.65,4.0
DEL0190,FH0446,AGT003,Vikram Singh,Hyderabad,2024-05-11 10:37:00,2024-05-11 10:54:00,17,4.0,5.0
DEL0191,FH0140,AGT004,Ajay Verma,Chennai,2024-03-19 11:03:00,2024-03-19 11:22:00,19,4.74,5.0
DEL0192,FH0092,AGT006,Ramesh Gupta,Mumbai,2024-10-07 09:36:00,2024-10-07 09:55:00,19,6.3,4.5
DEL0193,FH0098,AGT003,Vikram Singh,Hyderabad,2024-03-09 22:01:00,2024-03-09 22:12:00,11,0.61,4.5
DEL0194,FH0301,AGT001,Suresh Kumar,Pune,2024-01-31 18:02:00,2024-01-31 18:12:00,10,6.52,4.0
DEL0195,FH0265,AGT002,Mohan Patel,Chennai,2024-08-01 20:35:00,2024-08-01 20:59:00,24,6.62,4.0
DEL0196,FH0438,AGT006,Ramesh Gupta,Chennai,2024-02-27 10:32:00,2024-02-27 10:55:00,23,6.1,5.0
DEL0197,FH0492,AGT001,Suresh Kumar,Chennai,2024-03-30 13:21:00,2024-03-30 13:39:00,18,1.85,4.5
DEL0198,FH0363,AGT003,Vikram Singh,Hyderabad,2024-10-10 11:51:00,2024-10-10 12:31:00,40,5.93,5.0
DEL0199,FH0392,AGT007,Pradeep Nair,Mumbai,2024-06-09 17:36:00,2024-06-09 18:07:00,31,5.56,4.0
DEL0200,FH0166,AGT007,Pradeep Nair,Bangalore,2024-08-07 08:15:00,2024-08-07 08:38:00,23,5.86,4.5
DEL0201,FH0439,AGT003,Vikram Singh,Chennai,2024-07-20 13:37:00,2024-07-20 14:14:00,37,1.46,4.5
DEL0202,FH0109,AGT003,Vikram Singh,Chennai,2024-02-16 16:11:00,2024-02-16 16:44:00,33,4.52,4.5
DEL0203,FH0057,AGT005,Dinesh Yadav,Pune,2024-08-19 09:45:00,2024-08-19 10:09:00,24,5.77,4.0
DEL0204,FH0322,AGT005,Dinesh Yadav,Bangalore,2024-09-02 19:29:00,2024-09-02 19:56:00,27,4.4,4.5
DEL0205,FH0234,AGT003,Vikram Singh,Mumbai,2024-10-01 10:22:00,2024-10-01 10:55:00,33,1.08,4.0
DEL0206,FH0121,AGT003,Vikram Singh,Hyderabad,2024-09-11 12:39:00,2024-09-11 12:56:00,17,4.47,4.5
DEL0207,FH0197,AGT002,Mohan Patel,Bangalore,2024-12-29 13:44:00,2024-12-29 14:09:00,25,4.72,4.0
DEL0208,FH0458,AGT006,Ramesh Gupta,Bangalore,2024-11-22 15:58:00,2024-11-22 16:40:00,42,5.22,4.5
DEL0209,FH0077,AGT001,Suresh Kumar,Chennai,2024-09-02 13:52:00,2024-09-02 14:16:00,24,1.06,5.0
DEL0210,FH0306,AGT001,Suresh Kumar,Hyderabad,2024-01-03 13:30:00,2024-01-03 14:06:00,36,1.24,5.0
DEL0211,FH0342,AGT001,Suresh Kumar,Chennai,2024-04-17 11:58:00,2024-04-17 12:07:00,9,6.23,5.0
DEL0212,FH0285,AGT004,Ajay Verma,Hyderabad,2024-03-18 08:00:00,2024-03-18 08:42:00,42,4.7,5.0
DEL0213,FH0444,AGT001,Suresh Kumar,Mumbai,2024-01-06 07:39:00,2024-01-06 07:51:00,12,5.49,5.0
DEL0214,FH0156,AGT002,Mohan Patel,Bangalore,2024-04-03 12:37:00,2024-04-03 13:04:00,27,6.67,4.5
DEL0215,FH0063,AGT005,Dinesh Yadav,Hyderabad,2024-10-28 22:57:00,2024-10-28 23:16:00,19,5.88,4.5
DEL0216,FH0107,AGT001,Suresh Kumar,Hyderabad,2024-11-24 12:25:00,2024-11-24 13:01:00,36,4.19,3.5
DEL0217,FH0319,AGT005,Dinesh Yadav,Hyderabad,2024-12-12 16:14:00,2024-12-12 16:50:00,36,3.46,4.5
DEL0218,FH0094,AGT003,Vikram Singh,Bangalore,2024-03-11 11:52:00,2024-03-11 12:33:00,41,6.1,4.0
DEL0219,FH0071,AGT004,Ajay Verma,Chennai,2024-02-04 19:07:00,2024-02-04 19:40:00,33,4.69,3.5
DEL0220,FH0186,AGT007,Pradeep Nair,Chennai,2024-03-05 11:18:00,2024-03-05 11:50:00,32,6.18,4.5
DEL0221,FH0212,AGT003,Vikram Singh,Pune,2024-06-15 18:49:00,2024-06-15 19:19:00,30,3.32,4.0
DEL0222,FH0499,AGT003,Vikram Singh,Bangalore,2024-08-20 13:52:00,2024-08-20 14:21:00,29,2.34,4.0
DEL0223,FH0113,AGT001,Suresh Kumar,Chennai,2024-05-05 22:40:00,2024-05-05 23:10:00,30,2.87,5.0
DEL0224,FH0176,AGT006,Ramesh Gupta,Chennai,2024-12-21 16:51:00,2024-12-21 17:14:00,23,3.35,5.0
DEL0225,FH0455,AGT004,Ajay Verma,Mumbai,2024-07-25 16:31:00,2024-07-25 17:00:00,29,6.18,4.5
DEL0226,FH0425,AGT007,Pradeep Nair,Hyderabad,2024-01-22 08:47:00,2024-01-22 09:17:00,30,0.86,4.0
DEL0227,FH0188,AGT001,Suresh Kumar,Chennai,2024-08-19 11:40:00,2024-08-19 12:13:00,33,5.12,4.5
DEL0228,FH0122,AGT005,Dinesh Yadav,Pune,2024-10-14 09:53:00,2024-10-14 10:01:00,8,1.18,5.0
DEL0229,FH0344,AGT001,Suresh Kumar,Pune,2024-02-06 11:45:00,2024-02-06 12:22:00,37,3.78,5.0
DEL0230,FH0258,AGT004,Ajay Verma,Pune,2024-06-20 17:26:00,2024-06-20 18:01:00,35,2.41,4.5
DEL0231,FH0073,AGT003,Vikram Singh,Chennai,2024-05-23 20:56:00,2024-05-23 21:29:00,33,0.64,4.5
DEL0232,FH0190,AGT005,Dinesh Yadav,Bangalore,2024-07-19 21:17:00,2024-07-19 21:51:00,34,1.49,4.5
DEL0233,FH0103,AGT003,Vikram Singh,Hyderabad,2024-12-06 19:56:00,2024-12-06 20:07:00,11,1.62,4.0
DEL0234,FH0075,AGT003,Vikram Singh,Pune,2024-01-03 11:16:00,2024-01-03 11:25:00,9,5.15,4.5
DEL0235,FH0341,AGT001,Suresh Kumar,Mumbai,2024-02-25 20:32:00,2024-02-25 20:55:00,23,1.73,5.0
DEL0236,FH0336,AGT007,Pradeep Nair,Pune,2024-11-22 19:40:00,2024-11-22 20:23:00,43,2.4,4.5
DEL0237,FH0350,AGT003,Vikram Singh,Pune,2024-05-31 16:12:00,2024-05-31 16:56:00,44,5.89,5.0
DEL0238,FH0291,AGT007,Pradeep Nair,Chennai,2024-02-25 19:06:00,2024-02-25 19:48:00,42,2.85,5.0
DEL0239,FH0146,AGT003,Vikram Singh,Bangalore,2024-07-22 13:55:00,2024-07-22 14:32:00,37,2.29,3.5
DEL0240,FH0260,AGT003,Vikram Singh,Chennai,2024-02-21 22:49:00,2024-02-21 23:24:00,35,3.61,4.5
DEL0241,FH0384,AGT003,Vikram Singh,Chennai,2024-11-05 11:51:00,2024-11-05 12:30:00,39,0.58,3.5
DEL0242,FH0131,AGT005,Dinesh Yadav,Hyderabad,2024-05-16 13:29:00,2024-05-16 13:55:00,26,2.32,4.0
DEL0243,FH0376,AGT006,Ramesh Gupta,Hyderabad,2024-07-20 21:30:00,2024-07-20 21:57:00,27,2.62,4.5
DEL0244,FH0128,AGT001,Suresh Kumar,Pune,2024-02-24 12:04:00,2024-02-24 12:46:00,42,5.87,4.0
DEL0245,FH0102,AGT007,Pradeep Nair,Pune,2024-04-25 13:28:00,2024-04-25 13:51:00,23,1.96,4.5
DEL0246,FH0362,AGT004,Ajay Verma,Chennai,2024-10-09 21:48:00,2024-10-09 22:11:00,23,2.21,4.5
DEL0247,FH0351,AGT005,Dinesh Yadav,Pune,2024-12-29 21:21:00,2024-12-29 21:56:00,35,4.91,4.5
DEL0248,FH0385,AGT006,Ramesh Gupta,Chennai,2024-08-18 07:40:00,2024-08-18 08:00:00,20,1.71,3.5
DEL0249,FH0209,AGT001,Suresh Kumar,Hyderabad,2024-07-19 16:08:00,2024-07-19 16:36:00,28,3.55,4.5
DEL0250,FH0284,AGT004,Ajay Verma,Pune,2024-07-08 11:15:00,2024-07-08 11:45:00,30,4.9,4.5
DEL0251,FH0440,AGT007,Pradeep Nair,Chennai,2024-07-11 10:21:00,2024-07-11 11:03:00,42,2.79,5.0
DEL0252,FH0180,AGT002,Mohan Patel,Bangalore,2024-10-26 13:14:00,2024-10-26 13:36:00,22,4.4,4.5
DEL0253,FH0408,AGT001,Suresh Kumar,Chennai,2024-05-13 07:47:00,2024-05-13 07:57:00,10,0.55,4.5
DEL0254,FH0494,AGT002,Mohan Patel,Pune,2024-04-18 10:50:00,2024-04-18 11:12:00,22,5.47,4.5
DEL0255,FH0445,AGT003,Vikram Singh,Bangalore,2024-05-28 18:07:00,2024-05-28 18:23:00,16,1.38,4.0
DEL0256,FH0130,AGT005,Dinesh Yadav,Pune,2024-09-14 14:21:00,2024-09-14 15:06:00,45,1.61,4.0
DEL0257,FH0027,AGT002,Mohan Patel,Pune,2024-10-06 11:04:00,2024-10-06 11:30:00,26,4.83,4.5
DEL0258,FH0294,AGT007,Pradeep Nair,Bangalore,2024-05-18 16:31:00,2024-05-18 16:52:00,21,1.47,4.5
DEL0259,FH0051,AGT001,Suresh Kumar,Bangalore,2024-06-09 17:44:00,2024-06-09 17:58:00,14,1.81,4.5
DEL0260,FH0244,AGT005,Dinesh Yadav,Pune,2024-04-21 18:54:00,2024-04-21 19:06:00,12,4.2,4.5
DEL0261,FH0276,AGT002,Mohan Patel,Chennai,2024-05-03 14:21:00,2024-05-03 14:51:00,30,1.22,4.5
DEL0262,FH0310,AGT007,Pradeep Nair,Pune,2024-03-23 19:55:00,2024-03-23 20:32:00,37,1.8,5.0
DEL0263,FH0126,AGT004,Ajay Verma,Bangalore,2024-12-06 19:37:00,2024-12-06 19:48:00,11,3.06,4.5
DEL0264,FH0134,AGT002,Mohan Patel,Pune,2024-12-06 13:59:00,2024-12-06 14:09:00,10,6.12,4.0
DEL0265,FH0395,AGT005,Dinesh Yadav,Pune,2024-07-15 07:52:00,2024-07-15 08:24:00,32,3.87,5.0
DEL0266,FH0467,AGT002,Mohan Patel,Chennai,2024-05-15 15:02:00,2024-05-15 15:16:00,14,6.94,4.5
DEL0267,FH0317,AGT004,Ajay Verma,Chennai,2024-10-05 15:54:00,2024-10-05 16:29:00,35,1.98,4.5
DEL0268,FH0231,AGT007,Pradeep Nair,Pune,2024-01-01 20:42:00,2024-01-01 20:50:00,8,5.35,4.5
DEL0269,FH0194,AGT001,Suresh Kumar,Pune,2024-11-02 22:23:00,2024-11-02 22:42:00,19,4.51,3.0
DEL0270,FH0110,AGT006,Ramesh Gupta,Hyderabad,2024-07-13 14:58:00,2024-07-13 15:36:00,38,5.6,5.0
DEL0271,FH0393,AGT003,Vikram Singh,Chennai,2024-01-18 22:42:00,2024-01-18 22:55:00,13,6.37,4.0
DEL0272,FH0277,AGT003,Vikram Singh,Pune,2024-10-20 20:04:00,2024-10-20 20:18:00,14,6.36,4.5
DEL0273,FH0236,AGT002,Mohan Patel,Pune,2024-05-08 18:17:00,2024-05-08 18:58:00,41,3.05,5.0
DEL0274,FH0177,AGT001,Suresh Kumar,Pune,2024-04-15 09:28:00,2024-04-15 09:52:00,24,4.18,4.5
DEL0275,FH0038,AGT006,Ramesh Gupta,Pune,2024-10-18 08:00:00,2024-10-18 08:36:00,36,5.94,3.5
DEL0276,FH0208,AGT002,Mohan Patel,Chennai,2024-09-25 16:55:00,2024-09-25 17:25:00,30,1.25,5.0
DEL0277,FH0315,AGT006,Ramesh Gupta,Pune,2024-12-20 22:10:00,2024-12-20 22:44:00,34,6.74,4.5
DEL0278,FH0485,AGT001,Suresh Kumar,Pune,2024-05-09 16:46:00,2024-05-09 17:12:00,26,1.33,5.0
DEL0279,FH0378,AGT001,Suresh Kumar,Chennai,2024-02-18 14:54:00,2024-02-18 15:29:00,35,2.31,5.0
DEL0280,FH0045,AGT005,Dinesh Yadav,Pune,2024-09-24 10:13:00,2024-09-24 10:49:00,36,6.69,4.5
DEL0281,FH0237,AGT004,Ajay Verma,Pune,2024-09-22 12:16:00,2024-09-22 12:28:00,12,3.29,5.0
DEL0282,FH0253,AGT006,Ramesh Gupta,Hyderabad,2024-09-15 19:06:00,2024-09-15 19:40:00,34,6.39,3.5
DEL0283,FH0358,AGT002,Mohan Patel,Hyderabad,2024-01-20 19:52:00,2024-01-20 20:17:00,25,3.28,5.0
DEL0284,FH0419,AGT004,Ajay Verma,Mumbai,2024-11-22 15:50:00,2024-11-22 16:13:00,23,3.9,3.0
DEL0285,FH0311,AGT005,Dinesh Yadav,Hyderabad,2024-10-15 21:30:00,2024-10-15 21:38:00,8,3.19,5.0
DEL0286,FH0159,AGT007,Pradeep Nair,Chennai,2024-10-22 10:38:00,2024-10-22 10:57:00,19,6.35,4.5
DEL0287,FH0115,AGT004,Ajay Verma,Bangalore,2024-09-30 08:21:00,2024-09-30 08:44:00,23,2.53,3.5
DEL0288,FH0049,AGT005,Dinesh Yadav,Mumbai,2024-02-07 22:30:00,2024-02-07 23:15:00,45,4.32,4.5
DEL0289,FH0487,AGT004,Ajay Verma,Chennai,2024-09-27 14:32:00,2024-09-27 14:51:00,19,3.81,5.0
DEL0290,FH0213,AGT003,Vikram Singh,Pune,2024-01-12 20:59:00,2024-01-12 21:44:00,45,0.6,4.5
